White Sponge,TPU Box,Threadball,Rubber,Thermocol,Hollow TPU,Green Sponge,wood,PP,PLA,PC,Nylon,Metal,HIPS,ABS
4.872922776,4.296187683,4.877810362,4.897360704,4.838709677,3.968719453,4.853372434,3.553274682,4.477028348,2.834799609,2.810361681,3.196480938,3.343108504,3.675464321,2.859237537
4.872922776,4.433040078,4.882697947,4.902248289,4.853372434,4.291300098,4.85826002,4.095796676,4.447702835,3.03030303,3.352883675,3.230694037,2.712609971,3.655913978,4.164222874
4.868035191,4.618768328,4.882697947,4.902248289,4.85826002,4.638318671,4.863147605,4.623655914,4.413489736,3.201368524,4.652981427,3.367546432,2.839687195,3.685239492,4.872922776
4.877810362,4.657869013,4.887585533,4.902248289,4.863147605,4.012707722,4.868035191,3.563049853,4.45259042,3.235581623,3.465298143,3.372434018,2.971652004,3.743890518,4.872922776
4.868035191,4.68230694,4.892473118,4.907135875,4.863147605,4.579667644,4.868035191,3.592375367,4.462365591,3.299120235,3.509286413,3.352883675,3.088954057,3.670576735,4.760508309
4.877810362,4.604105572,4.887585533,4.907135875,4.868035191,4.81427175,4.863147605,3.875855327,4.516129032,3.308895406,3.48973607,3.377321603,3.157380254,3.709677419,3.690127077
4.877810362,4.247311828,4.882697947,4.902248289,4.868035191,4.72629521,4.868035191,3.685239492,4.550342131,3.274682307,3.631476051,3.411534702,3.020527859,3.743890518,3.401759531
4.868035191,4.286412512,4.892473118,4.907135875,4.863147605,4.81427175,4.863147605,3.914956012,4.54056696,3.377321603,3.592375367,3.382209189,3.025415445,3.826979472,3.401759531
4.877810362,4.384164223,4.887585533,4.907135875,4.868035191,4.740957967,4.863147605,3.973607038,4.569892473,3.274682307,3.670576735,3.34799609,3.064516129,3.870967742,3.377321603
4.872922776,4.247311828,4.887585533,4.916911046,4.85826002,4.755620723,4.863147605,3.968719453,4.565004888,3.284457478,3.240469208,3.338220919,3.040078201,3.773216031,3.274682307
4.877810362,4.335288368,4.892473118,4.907135875,4.872922776,4.731182796,4.868035191,3.968719453,4.579667644,3.269794721,3.406647116,3.377321603,3.025415445,3.758553275,3.157380254
4.877810362,4.667644184,4.892473118,4.907135875,4.877810362,4.296187683,4.863147605,3.978494624,4.594330401,3.274682307,3.357771261,3.416422287,2.966764418,3.773216031,3.699902248
4.877810362,4.799608993,4.897360704,4.91202346,4.872922776,4.692082111,4.863147605,3.988269795,4.58455523,3.313782991,3.709677419,3.377321603,3.040078201,3.792766373,2.947214076
4.877810362,4.809384164,4.887585533,4.907135875,4.872922776,4.740957967,4.868035191,4.002932551,4.599217986,3.235581623,3.646138807,3.396871945,2.927663734,3.846529814,4.745845552
4.887585533,4.794721408,4.892473118,4.902248289,4.877810362,4.613880743,4.868035191,4.002932551,4.599217986,3.191593353,3.040078201,3.421309873,2.908113392,3.866080156,4.643206256
4.882697947,4.799608993,4.897360704,4.902248289,4.877810362,4.687194526,4.872922776,3.99315738,4.579667644,3.225806452,3.191593353,3.401759531,3.005865103,3.695014663,3.39198436
4.882697947,4.804496579,4.892473118,4.907135875,4.872922776,4.672531769,4.868035191,3.998044966,4.54056696,3.250244379,3.57771261,3.416422287,3.010752688,3.572825024,3.411534702
4.882697947,4.775171065,4.892473118,4.907135875,4.863147605,4.68230694,4.872922776,3.99315738,4.247311828,3.255131965,3.57771261,3.372434018,2.971652004,3.753665689,2.878787879
4.882697947,4.780058651,4.892473118,4.902248289,4.877810362,4.692082111,4.868035191,4.002932551,3.455522972,3.225806452,3.519061584,3.401759531,3.010752688,3.62170088,3.167155425
4.887585533,4.780058651,4.897360704,4.907135875,4.877810362,4.706744868,4.877810362,4.012707722,4.481915934,3.269794721,3.494623656,3.39198436,3.000977517,3.572825024,2.61485826
4.882697947,4.780058651,4.887585533,4.907135875,4.868035191,4.711632454,4.872922776,4.017595308,4.491691105,3.245356794,3.558162268,3.440860215,3.064516129,3.172043011,2.629521017
4.877810362,4.775171065,4.897360704,4.907135875,4.877810362,4.721407625,4.872922776,4.017595308,4.486803519,3.201368524,3.685239492,3.396871945,3.176930596,3.230694037,2.839687195
4.882697947,4.789833822,4.897360704,4.91202346,4.872922776,4.736070381,4.872922776,4.007820137,4.535679374,3.186705767,3.611925709,3.426197458,3.367546432,3.230694037,3.035190616
4.882697947,4.794721408,4.897360704,4.907135875,4.398826979,4.711632454,4.868035191,4.032258065,4.550342131,3.191593353,3.602150538,3.411534702,3.797653959,3.284457478,2.727272727
4.877810362,4.794721408,4.897360704,4.907135875,4.872922776,4.72629521,4.868035191,4.032258065,4.560117302,3.211143695,3.631476051,3.352883675,4.149560117,3.250244379,2.908113392
4.882697947,4.799608993,4.897360704,4.91202346,4.872922776,4.828934506,4.882697947,4.03714565,4.565004888,3.225806452,3.602150538,3.387096774,4.369501466,3.299120235,0
4.872922776,4.799608993,4.902248289,4.907135875,4.872922776,4.345063539,4.877810362,4.032258065,4.565004888,3.216031281,3.695014663,3.411534702,4.54056696,3.333333333,4.076246334
4.872922776,4.799608993,4.897360704,4.907135875,4.877810362,4.81427175,4.877810362,4.032258065,4.579667644,3.206256109,3.670576735,3.367546432,4.555229717,3.216031281,3.748778104
4.872922776,4.804496579,4.897360704,4.907135875,4.863147605,4.843597263,4.877810362,4.022482893,4.579667644,3.201368524,3.695014663,3.377321603,4.535679374,3.396871945,3.572825024
4.877810362,4.799608993,4.897360704,4.916911046,4.872922776,4.819159335,4.872922776,4.042033236,4.579667644,3.201368524,3.514173998,3.357771261,4.462365591,3.294232649,3.523949169
4.877810362,4.804496579,4.902248289,4.907135875,4.877810362,4.804496579,4.877810362,4.042033236,4.594330401,3.201368524,3.553274682,3.343108504,4.305962854,3.274682307,3.695014663
,,4.892473118,4.91202346,,,,4.022482893,4.604105572,3.230694037,3.724340176,3.352883675,3.484848485,3.387096774,3.528836755
,,4.897360704,4.907135875,,,,4.051808407,4.604105572,3.216031281,3.739002933,3.426197458,1.725317693,3.382209189,3.440860215
,,4.897360704,4.907135875,,,,4.03714565,4.604105572,3.255131965,3.685239492,3.455522972,0,3.230694037,3.098729228
,,4.897360704,4.91202346,,,,4.051808407,4.608993157,3.250244379,3.553274682,3.421309873,0,3.225806452,3.255131965
,,4.902248289,4.91202346,,,,4.046920821,4.618768328,3.250244379,3.479960899,3.445747801,0.992179863,3.250244379,3.411534702
,,4.897360704,4.91202346,,,,4.071358749,4.618768328,3.245356794,3.475073314,3.387096774,4.789833822,3.318670577,3.709677419
,,4.892473118,4.907135875,,,,4.002932551,4.618768328,3.269794721,3.406647116,3.367546432,4.809384164,3.357771261,3.680351906
,,4.892473118,4.916911046,,,,4.066471163,4.6285435,3.240469208,4.418377322,3.372434018,4.824046921,3.387096774,2.825024438
,,4.897360704,4.907135875,,,,4.03714565,4.633431085,3.269794721,4.389051808,3.367546432,2.663734115,3.308895406,4.213098729
,,4.897360704,4.916911046,,,,4.066471163,4.638318671,3.289345064,4.384164223,3.440860215,2.829912023,3.230694037,3.020527859
,,4.902248289,4.907135875,,,,4.061583578,4.633431085,3.289345064,4.428152493,3.401759531,2.785923754,3.191593353,3.519061584
,,4.902248289,4.91202346,,,,4.08113392,4.643206256,3.245356794,3.069403715,3.39198436,2.561094819,3.30400782,3.998044966
,,4.897360704,4.91202346,,,,4.061583578,4.633431085,3.264907136,3.445747801,3.382209189,2.248289345,3.274682307,4.012707722
,,4.902248289,4.91202346,,,,4.066471163,4.604105572,3.26001955,3.460410557,3.396871945,2.223851417,3.377321603,4.012707722
,,4.897360704,4.91202346,,,,4.066471163,4.608993157,3.279569892,3.465298143,3.34799609,2.355816227,3.338220919,4.046920821
,,4.902248289,4.91202346,,,,4.066471163,4.608993157,3.269794721,3.519061584,3.411534702,2.223851417,3.333333333,4.090909091
,,4.907135875,4.91202346,,,,4.061583578,4.58455523,3.313782991,3.48973607,3.387096774,2.209188661,3.352883675,4.090909091
,,4.902248289,4.916911046,,,,4.071358749,4.604105572,3.30400782,3.504398827,3.431085044,2.600195503,3.460410557,4.066471163
,,4.897360704,4.907135875,,,,4.076246334,4.589442815,3.299120235,3.470185728,3.396871945,2.761485826,3.396871945,3.99315738
,,4.892473118,4.907135875,,,,4.086021505,4.613880743,3.299120235,3.470185728,3.440860215,2.644183773,3.567937439,3.626588465
,,4.897360704,4.91202346,,,,4.090909091,4.594330401,3.323558162,3.372434018,3.382209189,2.751710655,3.465298143,3.563049853
,,4.897360704,4.907135875,,,,4.095796676,4.613880743,3.338220919,3.313782991,3.372434018,2.375366569,3.523949169,3.567937439
,,4.902248289,4.907135875,,,,4.090909091,4.613880743,3.323558162,3.411534702,3.401759531,2.365591398,3.294232649,3.372434018
,,4.892473118,4.91202346,,,,4.100684262,4.6285435,3.333333333,3.455522972,3.411534702,2.331378299,3.387096774,3.377321603
,,4.897360704,4.916911046,,,,4.100684262,4.618768328,3.338220919,3.431085044,3.396871945,2.370478983,3.43597263,3.318670577
,,4.892473118,4.91202346,,,,4.100684262,4.6285435,3.343108504,3.499511241,3.39198436,2.287390029,3.382209189,3.328445748
,,4.897360704,4.91202346,,,,4.105571848,4.623655914,3.343108504,3.460410557,3.396871945,2.438905181,3.39198436,3.377321603
,,4.902248289,4.91202346,,,,4.105571848,4.623655914,3.367546432,3.499511241,3.387096774,2.394916911,3.450635386,3.367546432
,,4.897360704,4.916911046,,,,4.105571848,4.633431085,3.362658847,3.470185728,3.39198436,2.326490714,3.377321603,3.34799609
,,4.902248289,4.916911046,,,,4.105571848,4.638318671,3.387096774,3.279569892,3.411534702,2.468230694,3.39198436,3.39198436
,,4.897360704,4.916911046,,,,4.115347019,4.618768328,3.377321603,3.269794721,3.43597263,2.502443793,3.411534702,3.352883675
,,4.902248289,4.907135875,,,,4.115347019,4.623655914,3.387096774,3.142717498,3.426197458,2.380254154,3.455522972,3.352883675
,,4.897360704,4.91202346,,,,4.12512219,4.6285435,3.406647116,3.470185728,3.396871945,2.414467253,3.416422287,3.328445748
,,4.897360704,4.91202346,,,,4.120234604,4.633431085,3.406647116,3.137829912,3.440860215,2.448680352,3.460410557,3.367546432
,,4.902248289,4.907135875,,,,4.130009775,4.638318671,3.401759531,3.269794721,3.450635386,2.463343109,3.426197458,3.387096774
,,4.892473118,4.91202346,,,,4.12512219,4.643206256,3.406647116,3.284457478,3.450635386,2.399804497,3.406647116,3.357771261
,,4.902248289,4.91202346,,,,4.134897361,4.638318671,3.426197458,3.069403715,3.450635386,2.448680352,3.377321603,3.255131965
,,4.902248289,4.907135875,,,,4.130009775,4.633431085,3.450635386,3.181818182,3.426197458,2.47311828,3.421309873,3.220918866
,,4.902248289,4.91202346,,,,4.130009775,4.643206256,3.401759531,3.010752688,3.445747801,2.482893451,3.34799609,3.299120235
,,4.902248289,4.907135875,,,,4.12512219,4.599217986,3.421309873,3.225806452,3.416422287,2.482893451,3.528836755,3.333333333
,,4.897360704,4.907135875,,,,4.130009775,4.623655914,3.416422287,3.069403715,3.440860215,2.502443793,3.367546432,3.318670577
,,4.902248289,4.91202346,,,,4.130009775,4.599217986,3.421309873,3.181818182,3.470185728,2.438905181,3.103616813,3.34799609
,,4.902248289,4.91202346,,,,4.134897361,4.633431085,3.421309873,3.137829912,3.416422287,2.502443793,3.352883675,3.34799609
,,4.902248289,4.91202346,,,,4.134897361,4.638318671,3.401759531,3.240469208,3.455522972,2.507331378,3.611925709,3.274682307
,,4.902248289,4.916911046,,,,4.139784946,4.648093842,3.411534702,3.401759531,3.460410557,2.497556207,2.649071359,3.308895406
,,4.897360704,4.916911046,,,,4.134897361,4.643206256,3.416422287,3.313782991,3.450635386,2.512218964,3.098729228,3.401759531
,,4.902248289,4.916911046,,,,4.144672532,4.633431085,3.43597263,3.343108504,3.455522972,2.531769306,3.66568915,3.411534702
,,4.902248289,4.91202346,,,,4.149560117,4.643206256,3.43597263,3.225806452,3.484848485,2.487781036,3.680351906,3.455522972
,,4.902248289,4.91202346,,,,4.144672532,4.633431085,3.426197458,3.264907136,3.426197458,2.531769306,2.697947214,3.382209189
,,4.907135875,4.91202346,,,,4.149560117,4.643206256,3.43597263,3.245356794,3.475073314,2.468230694,2.878787879,3.372434018
,,4.902248289,4.91202346,,,,4.149560117,4.643206256,3.440860215,3.142717498,3.440860215,2.468230694,3.333333333,3.43597263
,,4.907135875,4.91202346,,,,4.154447703,4.633431085,3.431085044,3.123167155,3.465298143,2.531769306,3.758553275,3.440860215
,,4.907135875,4.916911046,,,,4.154447703,4.618768328,3.431085044,3.250244379,3.440860215,2.502443793,3.651026393,3.455522972
,,4.907135875,4.91202346,,,,4.149560117,4.633431085,3.455522972,3.128054741,3.455522972,2.605083089,3.714565005,3.479960899
,,4.907135875,4.916911046,,,,4.154447703,4.6285435,3.460410557,3.230694037,3.43597263,2.575757576,3.563049853,3.494623656
,,4.897360704,4.91202346,,,,4.154447703,4.545454545,3.431085044,3.264907136,3.431085044,2.585532747,2.478005865,3.479960899
,,4.902248289,4.91202346,,,,4.149560117,4.159335288,3.421309873,3.357771261,3.416422287,2.678396872,2.52688172,3.53372434
,,4.902248289,4.916911046,,,,4.154447703,4.130009775,3.382209189,3.670576735,3.431085044,2.639296188,2.75659824,3.53372434
,,4.897360704,4.91202346,,,,4.159335288,4.374389052,3.450635386,4.276637341,3.440860215,2.634408602,2.668621701,3.543499511
,,4.907135875,4.916911046,,,,4.154447703,4.49657869,3.416422287,4.301075269,3.465298143,2.668621701,2.737047898,3.558162268
,,4.907135875,4.91202346,,,,4.164222874,4.45259042,3.411534702,4.574780059,3.421309873,2.541544477,2.722385142,3.572825024
,,4.902248289,4.916911046,,,,4.159335288,4.45259042,3.431085044,4.467253177,3.460410557,2.531769306,3.196480938,3.43597263
,,4.897360704,4.91202346,,,,4.173998045,4.393939394,3.421309873,4.643206256,3.445747801,2.624633431,2.971652004,3.264907136
,,4.907135875,4.91202346,,,,4.173998045,4.437927664,3.440860215,4.49657869,3.362658847,2.649071359,3.250244379,3.274682307
,,4.897360704,4.921798631,,,,4.169110459,4.462365591,3.416422287,4.623655914,3.450635386,2.683284457,4.012707722,3.30400782
,,4.907135875,4.91202346,,,,4.173998045,4.491691105,3.426197458,4.677419355,3.406647116,2.717497556,3.206256109,3.235581623
,,4.902248289,4.91202346,,,,4.173998045,4.428152493,3.421309873,4.745845552,3.470185728,2.600195503,3.245356794,3.191593353
,,4.897360704,4.916911046,,,,4.17888563,4.433040078,3.440860215,4.731182796,3.416422287,2.590420332,3.137829912,3.240469208
,,4.902248289,4.91202346,,,,4.173998045,4.472140762,3.377321603,4.731182796,3.411534702,2.678396872,3.484848485,3.308895406
,,4.902248289,4.91202346,,,,4.183773216,4.433040078,3.421309873,4.721407625,3.396871945,2.693059629,3.856304985,3.313782991
,,4.902248289,4.916911046,,,,4.17888563,4.442815249,3.367546432,4.731182796,3.440860215,2.653958944,4.17888563,3.367546432
,,4.897360704,4.91202346,,,,4.183773216,4.472140762,3.377321603,4.692082111,3.367546432,2.693059629,4.193548387,3.416422287
,,4.902248289,4.91202346,,,,4.17888563,4.462365591,3.431085044,4.701857283,3.34799609,2.649071359,3.416422287,3.445747801
,,4.897360704,4.91202346,,,,4.183773216,4.511241447,3.445747801,4.701857283,3.372434018,2.722385142,2.971652004,3.499511241
,,4.902248289,4.91202346,,,,4.183773216,4.545454545,3.445747801,2.859237537,3.352883675,2.829912023,2.913000978,3.519061584
,,4.902248289,4.91202346,,,,4.188660802,4.560117302,3.343108504,4.349951124,3.426197458,2.746823069,3.079178886,3.602150538
,,4.902248289,4.91202346,,,,4.183773216,4.589442815,3.39198436,3.455522972,3.372434018,2.781036168,3.044965787,3.465298143
,,4.902248289,4.91202346,,,,4.17888563,4.58455523,3.416422287,3.494623656,3.396871945,2.741935484,3.16226784,4.149560117
,,4.902248289,4.91202346,,,,4.188660802,4.618768328,3.411534702,4.589442815,3.401759531,2.761485826,3.137829912,3.998044966
,,4.902248289,4.907135875,,,,4.173998045,4.633431085,3.426197458,3.401759531,3.39198436,2.639296188,3.220918866,4.100684262
,,4.902248289,4.91202346,,,,4.188660802,4.643206256,3.450635386,3.548387097,3.416422287,2.639296188,3.264907136,3.010752688
,,4.897360704,4.916911046,,,,4.164222874,4.652981427,3.450635386,3.460410557,3.411534702,2.624633431,3.313782991,3.186705767
,,4.902248289,4.91202346,,,,4.183773216,4.648093842,3.460410557,3.558162268,3.431085044,2.717497556,3.675464321,3.040078201
,,4.902248289,4.91202346,,,,4.173998045,4.652981427,3.465298143,3.57771261,3.426197458,2.732160313,3.421309873,2.873900293
,,4.902248289,4.916911046,,,,4.183773216,4.652981427,3.396871945,3.411534702,3.431085044,2.693059629,3.528836755,4.760508309
,,4.897360704,4.916911046,,,,4.169110459,4.652981427,3.465298143,3.387096774,3.43597263,2.712609971,3.602150538,0.425219941
,,4.897360704,4.916911046,,,,4.183773216,4.638318671,3.470185728,4.491691105,3.475073314,2.732160313,3.587487781,3.753665689
,,4.902248289,4.91202346,,,,4.183773216,4.638318671,3.479960899,4.134897361,3.470185728,2.7028348,3.660801564,3.582600196
,,4.897360704,4.916911046,,,,4.193548387,4.648093842,3.479960899,3.338220919,3.475073314,2.834799609,3.675464321,2.927663734
,,4.897360704,4.91202346,,,,4.173998045,4.623655914,3.479960899,3.284457478,3.440860215,2.688172043,3.66568915,3.34799609
,,4.907135875,4.91202346,,,,4.188660802,4.638318671,3.499511241,3.450635386,3.450635386,2.707722385,3.704789834,4.017595308
,,4.897360704,4.916911046,,,,4.188660802,4.6285435,3.401759531,3.338220919,3.450635386,2.722385142,3.734115347,3.983382209
,,4.902248289,4.91202346,,,,4.188660802,4.056695992,3.445747801,3.592375367,3.499511241,2.7028348,3.641251222,3.817204301
,,4.902248289,4.91202346,,,,4.188660802,4.413489736,3.421309873,3.616813294,3.465298143,2.668621701,3.690127077,3.323558162
,,4.902248289,4.91202346,,,,4.183773216,4.521016618,3.479960899,3.592375367,3.450635386,2.820136852,3.675464321,3.94916911
,,4.897360704,4.916911046,,,,4.193548387,4.467253177,3.450635386,3.558162268,3.460410557,2.795698925,3.611925709,4.188660802
,,4.902248289,4.916911046,,,,4.188660802,4.477028348,3.475073314,3.582600196,3.460410557,2.678396872,3.616813294,4.154447703
,,4.902248289,4.916911046,,,,4.193548387,4.384164223,3.323558162,3.543499511,3.475073314,2.693059629,3.675464321,3.817204301
,,4.897360704,4.91202346,,,,4.188660802,4.599217986,3.382209189,3.431085044,3.484848485,2.697947214,3.729227761,3.846529814
,,4.907135875,4.916911046,,,,4.188660802,4.604105572,3.421309873,3.39198436,3.470185728,2.722385142,3.71945259,3.812316716
,,4.902248289,4.921798631,,,,4.193548387,4.389051808,3.460410557,3.387096774,3.465298143,2.776148583,3.768328446,3.831867058
,,4.902248289,4.916911046,,,,4.208211144,4.701857283,3.484848485,3.445747801,3.460410557,2.785923754,3.572825024,3.826979472
,,4.907135875,4.916911046,,,,4.198435973,4.433040078,3.475073314,3.567937439,3.475073314,2.746823069,3.773216031,3.856304985
,,4.902248289,4.916911046,,,,4.203323558,4.565004888,3.475073314,3.504398827,3.460410557,2.795698925,3.787878788,3.792766373
,,4.897360704,4.91202346,,,,4.198435973,4.555229717,3.440860215,3.416422287,3.450635386,2.781036168,3.822091887,3.836754643
,,4.907135875,4.91202346,,,,4.203323558,4.565004888,3.460410557,3.460410557,3.455522972,2.790811339,3.890518084,3.8514174
,,4.902248289,4.91202346,,,,4.198435973,4.550342131,3.455522972,3.479960899,3.470185728,2.810361681,3.861192571,3.80742913
,,4.907135875,4.91202346,,,,4.188660802,4.54056696,3.479960899,3.479960899,3.470185728,2.766373412,3.787878788,3.831867058
,,4.902248289,4.916911046,,,,4.198435973,4.530791789,3.479960899,3.514173998,3.484848485,2.825024438,3.846529814,3.831867058
,,4.902248289,4.916911046,,,,4.203323558,4.560117302,3.48973607,3.48973607,3.499511241,2.93255132,3.846529814,3.866080156
,,4.907135875,4.907135875,,,,4.208211144,4.58455523,3.479960899,3.519061584,3.465298143,2.854349951,3.8514174,3.861192571
,,4.907135875,4.916911046,,,,4.198435973,4.594330401,3.455522972,3.431085044,3.470185728,2.869012708,3.817204301,3.875855327
,,4.907135875,4.916911046,,,,4.203323558,4.599217986,3.494623656,3.299120235,3.450635386,2.829912023,3.900293255,3.890518084
,,4.902248289,4.91202346,,,,4.208211144,4.604105572,3.465298143,3.406647116,3.470185728,2.805474096,3.910068426,3.866080156
,,4.902248289,4.916911046,,,,4.208211144,4.599217986,3.509286413,3.137829912,3.479960899,2.712609971,3.841642229,3.880742913
,,4.902248289,4.916911046,,,,4.213098729,4.613880743,3.504398827,3.308895406,3.475073314,2.746823069,3.861192571,3.885630499
,,4.907135875,4.91202346,,,,4.208211144,4.608993157,3.499511241,3.328445748,3.470185728,2.815249267,3.817204301,3.910068426
,,4.902248289,4.916911046,,,,4.208211144,4.608993157,3.494623656,3.313782991,3.43597263,2.776148583,3.817204301,3.8514174
,,4.902248289,4.916911046,,,,4.173998045,4.613880743,3.499511241,3.421309873,3.499511241,2.80058651,3.748778104,3.866080156
,,4.907135875,4.916911046,,,,4.208211144,4.398826979,3.484848485,3.567937439,3.509286413,2.834799609,3.607038123,3.924731183
,,4.902248289,4.91202346,,,,4.203323558,4.467253177,3.514173998,3.484848485,3.479960899,2.873900293,3.460410557,3.866080156
,,4.902248289,4.91202346,,,,4.173998045,4.442815249,3.499511241,3.406647116,3.475073314,2.898338221,3.396871945,3.875855327
,,4.907135875,4.91202346,,,,4.208211144,4.477028348,3.509286413,3.406647116,3.48973607,2.746823069,3.367546432,3.758553275
,,4.907135875,4.916911046,,,,4.213098729,4.589442815,3.509286413,3.299120235,3.479960899,2.849462366,3.323558162,3.753665689
,,4.897360704,4.91202346,,,,4.164222874,4.662756598,3.499511241,3.255131965,3.416422287,2.878787879,3.553274682,3.861192571
,,4.897360704,4.916911046,,,,4.208211144,4.437927664,3.504398827,3.240469208,3.509286413,2.790811339,3.567937439,3.846529814
,,4.902248289,4.916911046,,,,4.213098729,4.525904203,3.499511241,3.382209189,3.460410557,2.859237537,3.465298143,3.792766373
,,4.902248289,4.916911046,,,,4.208211144,4.521016618,3.504398827,3.382209189,3.475073314,2.815249267,3.191593353,3.714565005
,,4.907135875,4.916911046,,,,4.217986315,4.481915934,3.523949169,3.323558162,3.48973607,2.849462366,3.431085044,3.729227761
,,4.907135875,4.916911046,,,,4.188660802,4.49657869,3.523949169,3.382209189,3.484848485,2.869012708,3.255131965,3.709677419
,,4.902248289,4.916911046,,,,4.213098729,4.511241447,3.475073314,3.411534702,3.426197458,2.898338221,3.230694037,3.743890518
,,4.907135875,4.916911046,,,,4.198435973,4.501466276,3.528836755,3.382209189,3.426197458,2.869012708,3.235581623,3.80742913
,,4.907135875,4.916911046,,,,4.208211144,4.521016618,3.538611926,3.440860215,3.494623656,2.859237537,3.264907136,3.817204301
,,4.907135875,4.916911046,,,,4.213098729,4.521016618,3.519061584,3.470185728,3.377321603,2.84457478,3.528836755,3.836754643
,,4.902248289,4.916911046,,,,4.198435973,4.535679374,3.528836755,3.308895406,3.519061584,2.825024438,3.714565005,3.826979472
,,4.902248289,4.91202346,,,,4.217986315,4.560117302,3.523949169,3.338220919,3.57771261,2.859237537,3.831867058,3.817204301
,,4.907135875,4.916911046,,,,4.203323558,4.574780059,3.53372434,3.299120235,3.357771261,2.859237537,3.797653959,3.71945259
,,4.907135875,4.916911046,,,,4.208211144,4.579667644,3.543499511,3.137829912,3.377321603,2.903225806,3.866080156,3.699902248
,,4.902248289,4.91202346,,,,4.217986315,4.579667644,3.53372434,0,3.30400782,2.869012708,3.846529814,3.636363636
,,4.897360704,4.916911046,,,,4.208211144,4.594330401,3.553274682,4.692082111,3.264907136,2.878787879,3.826979472,3.636363636
,,4.907135875,4.916911046,,,,4.2228739,4.618768328,3.548387097,4.604105572,3.250244379,2.873900293,3.856304985,3.660801564
,,4.902248289,4.916911046,,,,4.213098729,4.633431085,3.558162268,3.655913978,3.284457478,2.922776149,3.880742913,3.670576735
,,4.907135875,4.916911046,,,,4.2228739,4.643206256,3.558162268,4.6285435,3.191593353,2.961876833,3.856304985,3.680351906
,,4.907135875,4.921798631,,,,4.2228739,4.638318671,3.558162268,4.633431085,3.069403715,2.88856305,3.880742913,3.699902248
,,4.902248289,4.921798631,,,,4.213098729,4.648093842,3.553274682,4.447702835,3.010752688,2.917888563,3.880742913,3.699902248
,,4.907135875,4.916911046,,,,4.217986315,4.633431085,3.563049853,3.343108504,3.123167155,2.942326491,3.910068426,3.739002933
,,4.897360704,4.916911046,,,,4.2228739,4.652981427,3.587487781,2.913000978,3.333333333,2.839687195,3.919843597,3.690127077
,,4.902248289,4.91202346,,,,4.2228739,4.652981427,3.567937439,3.333333333,3.48973607,2.913000978,3.919843597,3.704789834
,,4.902248289,4.907135875,,,,4.2228739,4.662756598,3.57771261,3.289345064,3.558162268,2.873900293,3.978494624,3.709677419
,,4.902248289,4.916911046,,,,4.227761486,4.672531769,3.563049853,3.279569892,3.455522972,2.849462366,4.012707722,3.76344086
,,4.902248289,4.916911046,,,,4.217986315,4.667644184,3.558162268,3.509286413,3.426197458,2.839687195,4.017595308,3.739002933
,,4.902248289,4.921798631,,,,4.2228739,4.667644184,3.523949169,4.467253177,3.128054741,2.834799609,4.017595308,3.71945259
,,4.902248289,4.916911046,,,,4.227761486,4.667644184,3.563049853,4.623655914,3.333333333,2.981427175,3.983382209,3.729227761
,,4.902248289,4.916911046,,,,4.227761486,4.657869013,3.553274682,4.882697947,3.274682307,2.942326491,3.988269795,3.695014663
,,4.902248289,4.916911046,,,,4.2228739,4.657869013,3.563049853,4.882697947,3.34799609,2.869012708,3.939393939,3.675464321
,,4.907135875,4.91202346,,,,4.2228739,4.643206256,3.563049853,4.530791789,3.108504399,2.927663734,3.939393939,3.592375367
,,4.907135875,4.921798631,,,,4.2228739,4.652981427,3.563049853,4.276637341,3.113391984,2.898338221,3.944281525,3.616813294
,,4.902248289,4.916911046,,,,4.232649071,4.613880743,3.57771261,4.887585533,3.216031281,2.88856305,3.939393939,3.646138807
,,4.907135875,4.916911046,,,,4.232649071,4.613880743,3.572825024,4.887585533,3.152492669,2.883675464,3.958944282,3.567937439
,,4.902248289,4.916911046,,,,4.2228739,4.437927664,3.572825024,4.887585533,3.245356794,2.937438905,3.958944282,3.602150538
,,4.907135875,4.916911046,,,,4.237536657,4.467253177,3.57771261,4.887585533,3.30400782,2.917888563,3.973607038,3.626588465
,,4.902248289,4.916911046,,,,4.232649071,4.491691105,3.57771261,3.264907136,3.352883675,2.917888563,3.968719453,3.66568915
,,4.897360704,4.916911046,,,,4.237536657,4.506353861,3.543499511,3.005865103,3.416422287,2.922776149,3.954056696,3.670576735
,,4.907135875,4.916911046,,,,4.237536657,4.511241447,3.582600196,2.883675464,3.401759531,2.937438905,3.963831867,3.57771261
,,4.902248289,4.916911046,,,,4.227761486,4.535679374,3.572825024,3.255131965,3.406647116,2.947214076,3.978494624,3.62170088
,,4.907135875,4.916911046,,,,4.247311828,4.550342131,3.582600196,3.269794721,3.431085044,2.922776149,3.958944282,3.651026393
,,4.902248289,4.916911046,,,,4.257086999,4.589442815,3.572825024,3.240469208,3.426197458,2.956989247,3.954056696,3.602150538
,,4.902248289,4.916911046,,,,4.261974585,4.604105572,3.592375367,3.245356794,3.411534702,2.981427175,3.954056696,3.675464321
,,4.902248289,4.916911046,,,,4.26686217,4.6285435,3.587487781,3.30400782,3.421309873,3.020527859,3.94916911,3.709677419
,,4.902248289,4.916911046,,,,4.26686217,4.643206256,3.597262952,4.2228739,3.460410557,2.903225806,3.939393939,3.66568915
,,4.902248289,4.916911046,,,,4.261974585,4.643206256,3.567937439,4.525904203,3.445747801,3.020527859,3.919843597,3.655913978
,,4.902248289,4.91202346,,,,4.261974585,4.643206256,3.592375367,4.090909091,3.43597263,2.966764418,3.919843597,3.655913978
,,4.907135875,4.916911046,,,,4.271749756,4.6285435,3.592375367,4.076246334,3.411534702,2.996089932,3.910068426,3.558162268
,,4.907135875,4.916911046,,,,4.26686217,4.604105572,3.602150538,3.225806452,3.367546432,2.976539589,3.910068426,3.655913978
,,4.897360704,4.916911046,,,,4.26686217,4.574780059,3.602150538,3.201368524,3.39198436,3.010752688,3.890518084,3.611925709
,,4.902248289,4.91202346,,,,4.271749756,4.560117302,3.582600196,3.206256109,3.421309873,2.952101662,3.914956012,3.675464321
,,4.902248289,4.916911046,,,,4.271749756,4.530791789,3.592375367,3.191593353,3.396871945,2.986314761,3.919843597,3.685239492
,,4.902248289,4.916911046,,,,4.276637341,4.569892473,3.592375367,3.235581623,3.39198436,2.93255132,3.900293255,3.714565005
,,4.902248289,4.916911046,,,,4.276637341,4.565004888,3.597262952,3.093841642,3.431085044,2.922776149,3.910068426,3.71945259
,,4.907135875,4.916911046,,,,4.26686217,4.579667644,3.597262952,3.264907136,3.352883675,2.913000978,3.94916911,3.743890518
,,4.902248289,4.916911046,,,,4.276637341,4.608993157,3.602150538,3.255131965,3.357771261,2.961876833,3.939393939,3.724340176
,,4.907135875,4.91202346,,,,4.276637341,4.643206256,3.582600196,3.240469208,3.460410557,2.991202346,3.934506354,3.939393939
,,4.902248289,4.921798631,,,,4.276637341,4.579667644,3.602150538,3.220918866,3.470185728,2.996089932,3.914956012,3.582600196
,,4.902248289,4.916911046,,,,4.286412512,4.579667644,3.597262952,3.206256109,3.377321603,3.035190616,3.934506354,3.660801564
,,4.897360704,4.916911046,,,,4.286412512,4.530791789,3.602150538,3.220918866,3.352883675,2.981427175,3.919843597,3.660801564
,,4.907135875,4.921798631,,,,4.291300098,4.535679374,3.611925709,3.279569892,3.269794721,3.054740958,3.944281525,3.548387097
,,4.902248289,4.921798631,,,,4.296187683,4.530791789,3.607038123,3.123167155,3.196480938,3.059628543,3.929618768,3.758553275
,,4.897360704,4.916911046,,,,4.286412512,4.413489736,3.616813294,2.996089932,3.098729228,3.054740958,3.934506354,3.66568915
,,4.902248289,4.916911046,,,,4.291300098,4.149560117,3.57771261,2.986314761,3.206256109,3.054740958,3.934506354,3.401759531
,,4.907135875,4.916911046,,,,4.281524927,4.105571848,3.558162268,3.059628543,3.289345064,3.03030303,3.929618768,3.39198436
,,4.897360704,4.921798631,,,,4.286412512,4.173998045,3.587487781,3.157380254,3.416422287,2.986314761,3.929618768,3.479960899
,,4.907135875,4.916911046,,,,4.291300098,4.110459433,3.572825024,3.255131965,3.499511241,3.03030303,3.929618768,3.528836755
,,4.897360704,4.91202346,,,,4.296187683,4.08113392,3.587487781,3.367546432,3.57771261,3.000977517,3.934506354,3.597262952
,,4.907135875,4.916911046,,,,4.291300098,4.173998045,3.597262952,3.655913978,3.597262952,2.981427175,3.919843597,3.626588465
,,4.897360704,4.916911046,,,,4.296187683,4.208211144,3.587487781,4.462365591,3.563049853,3.015640274,3.929618768,3.655913978
,,4.902248289,4.916911046,,,,4.315738025,4.217986315,3.602150538,3.362658847,3.519061584,3.010752688,3.944281525,3.685239492
,,4.902248289,4.91202346,,,,4.320625611,4.296187683,3.602150538,3.338220919,3.289345064,3.020527859,3.954056696,3.782991202
,,4.907135875,4.916911046,,,,4.320625611,4.193548387,3.602150538,3.377321603,3.225806452,2.991202346,3.831867058,3.753665689
,,4.902248289,4.916911046,,,,4.315738025,4.301075269,3.587487781,3.333333333,3.343108504,3.020527859,3.905180841,3.782991202
,,4.902248289,4.916911046,,,,4.320625611,4.281524927,3.597262952,3.338220919,3.318670577,3.010752688,3.924731183,3.782991202
,,4.902248289,4.91202346,,,,4.276637341,4.428152493,3.597262952,3.269794721,3.255131965,3.035190616,3.94916911,3.773216031
,,4.902248289,4.916911046,,,,4.325513196,4.413489736,3.602150538,3.191593353,3.128054741,3.03030303,3.934506354,3.836754643
,,4.902248289,4.916911046,,,,4.330400782,4.467253177,3.611925709,3.157380254,3.220918866,2.991202346,3.919843597,3.831867058
,,4.897360704,4.916911046,,,,4.31085044,4.472140762,3.602150538,3.16226784,3.758553275,3.010752688,3.89540567,3.846529814
,,4.907135875,4.91202346,,,,4.330400782,4.516129032,3.592375367,3.206256109,3.94916911,3.035190616,3.919843597,3.861192571
,,4.902248289,4.921798631,,,,4.325513196,4.49657869,3.582600196,3.235581623,3.954056696,3.005865103,3.924731183,3.875855327
,,4.907135875,4.916911046,,,,4.330400782,4.477028348,3.587487781,3.255131965,4.389051808,3.020527859,3.94916911,3.905180841
,,4.902248289,4.91202346,,,,4.335288368,4.26686217,3.587487781,3.216031281,4.569892473,3.03030303,3.880742913,3.89540567
,,4.907135875,4.916911046,,,,4.345063539,4.408602151,3.57771261,3.299120235,4.760508309,3.049853372,3.905180841,3.856304985
,,4.902248289,4.91202346,,,,4.340175953,4.481915934,3.582600196,3.230694037,2.849462366,3.044965787,3.924731183,3.8514174
,,4.902248289,4.916911046,,,,4.325513196,4.45259042,3.597262952,3.26001955,3.196480938,3.059628543,3.939393939,3.773216031
,,4.902248289,4.921798631,,,,4.35483871,4.477028348,3.602150538,3.333333333,3.235581623,3.025415445,3.94916911,3.758553275
,,4.907135875,4.916911046,,,,4.349951124,4.511241447,3.597262952,3.318670577,3.421309873,3.035190616,3.846529814,3.797653959
,,4.907135875,4.916911046,,,,4.349951124,4.535679374,3.602150538,3.308895406,3.450635386,2.991202346,3.910068426,3.934506354
,,4.902248289,4.916911046,,,,4.35483871,4.535679374,3.611925709,3.333333333,3.357771261,2.961876833,3.914956012,3.53372434
,,4.902248289,4.921798631,,,,4.340175953,4.555229717,3.62170088,3.269794721,3.352883675,2.991202346,3.924731183,3.567937439
,,4.902248289,4.921798631,,,,4.345063539,4.555229717,3.62170088,3.313782991,3.284457478,2.996089932,3.875855327,3.76344086
,,4.902248289,4.916911046,,,,4.379276637,4.54056696,3.479960899,3.352883675,3.235581623,3.049853372,3.885630499,3.768328446
,,4.902248289,4.916911046,,,,4.379276637,4.467253177,3.470185728,3.30400782,3.172043011,3.049853372,3.94916911,3.797653959
,,4.902248289,4.916911046,,,,4.374389052,4.530791789,3.48973607,4.418377322,3.157380254,3.010752688,3.94916911,3.792766373
